androidx.activity	activity-compose	1.10.1	activity-compose-1.10.1.aar
androidx.activity	activity-ktx	1.10.1	activity-ktx-1.10.1.aar
androidx.activity	activity	1.10.1	activity-1.10.1.aar
androidx.activity	activity	1.10.1	activity-1.10.1.aar
androidx.annotation	annotation-experimental	1.4.1	annotation-experimental-1.4.1.aar
androidx.annotation	annotation-jvm	1.9.1	annotation-jvm-1.9.1.jar
androidx.appcompat	appcompat-resources	1.1.0	appcompat-resources-1.1.0.aar
androidx.appcompat	appcompat	1.1.0	appcompat-1.1.0.aar
androidx.arch.core	core-common	2.2.0	core-common-2.2.0.jar
androidx.arch.core	core-runtime	2.2.0	core-runtime-2.2.0.aar
androidx.autofill	autofill	1.0.0	autofill-1.0.0.aar
androidx.camera	camera-camera2	1.4.2	camera-camera2-1.4.2.aar
androidx.camera	camera-core	1.4.2	camera-core-1.4.2.aar
androidx.camera	camera-lifecycle	1.4.2	camera-lifecycle-1.4.2.aar
androidx.camera	camera-video	1.4.2	camera-video-1.4.2.aar
androidx.camera	camera-view	1.4.2	camera-view-1.4.2.aar
androidx.collection	collection-jvm	1.5.0	collection-jvm-1.5.0.jar
androidx.collection	collection-ktx	1.5.0	collection-ktx-1.5.0.jar
androidx.compose.animation	animation-android	1.8.0	animation.aar
androidx.compose.animation	animation-core-android	1.8.0	animation-core-release.aar
androidx.compose.foundation	foundation-android	1.8.0	foundation-release.aar
androidx.compose.foundation	foundation-layout-android	1.8.0	foundation-layout-release.aar
androidx.compose.material3	material3-android	1.3.2	material3-release.aar
androidx.compose.material	material-icons-core-android	1.7.8	material-icons-core-release.aar
androidx.compose.material	material-ripple-android	1.8.0	material-ripple.aar
androidx.compose.runtime	runtime-android	1.8.0	runtime-release.aar
androidx.compose.runtime	runtime-saveable-android	1.8.0	runtime-saveable-release.aar
androidx.compose.ui	ui-android	1.8.0	ui-release.aar
androidx.compose.ui	ui-geometry-android	1.8.0	ui-geometry.aar
androidx.compose.ui	ui-graphics-android	1.8.0	ui-graphics-release.aar
androidx.compose.ui	ui-text-android	1.8.0	ui-text-release.aar
androidx.compose.ui	ui-unit-android	1.8.0	ui-unit-release.aar
androidx.compose.ui	ui-util-android	1.8.0	ui-util-release.aar
androidx.concurrent	concurrent-futures-ktx	1.1.0	concurrent-futures-ktx-1.1.0.jar
androidx.concurrent	concurrent-futures	1.1.0	concurrent-futures-1.1.0.jar
androidx.core	core-ktx	1.13.1	core-ktx-1.13.1.aar
androidx.core	core-viewtree	1.0.0	core-viewtree-1.0.0.aar
androidx.core	core	1.13.1	core-1.13.1.aar
androidx.core	core	1.13.1	core-1.13.1.aar
androidx.cursoradapter	cursoradapter	1.0.0	cursoradapter-1.0.0.aar
androidx.customview	customview-poolingcontainer	1.0.0	customview-poolingcontainer-1.0.0.aar
androidx.customview	customview	1.0.0	customview-1.0.0.aar
androidx.drawerlayout	drawerlayout	1.0.0	drawerlayout-1.0.0.aar
androidx.emoji2	emoji2	1.4.0	emoji2-1.4.0.aar
androidx.exifinterface	exifinterface	1.4.1	exifinterface-1.4.1.aar
androidx.fragment	fragment	1.1.0	fragment-1.1.0.aar
androidx.graphics	graphics-path	1.0.1	graphics-path-1.0.1.aar
androidx.interpolator	interpolator	1.0.0	interpolator-1.0.0.aar
androidx.lifecycle	lifecycle-common-java8	2.8.7	lifecycle-common-java8-2.8.7.jar
androidx.lifecycle	lifecycle-common-jvm	2.8.7	lifecycle-common-jvm-2.8.7.jar
androidx.lifecycle	lifecycle-livedata-core-ktx	2.8.7	lifecycle-livedata-core-ktx-2.8.7.aar
androidx.lifecycle	lifecycle-livedata-core	2.8.7	lifecycle-livedata-core-2.8.7.aar
androidx.lifecycle	lifecycle-livedata	2.8.7	lifecycle-livedata-2.8.7.aar
androidx.lifecycle	lifecycle-livedata	2.8.7	lifecycle-livedata-2.8.7.aar
androidx.lifecycle	lifecycle-process	2.8.7	lifecycle-process-2.8.7.aar
androidx.lifecycle	lifecycle-runtime-android	2.8.7	lifecycle-runtime-release.aar
androidx.lifecycle	lifecycle-runtime-compose-android	2.8.7	lifecycle-runtime-compose-release.aar
androidx.lifecycle	lifecycle-runtime-ktx-android	2.8.7	lifecycle-runtime-ktx-release.aar
androidx.lifecycle	lifecycle-viewmodel-android	2.8.7	lifecycle-viewmodel-release.aar
androidx.lifecycle	lifecycle-viewmodel-ktx	2.8.7	lifecycle-viewmodel-ktx-2.8.7.aar
androidx.lifecycle	lifecycle-viewmodel-savedstate	2.8.7	lifecycle-viewmodel-savedstate-2.8.7.aar
androidx.lifecycle	lifecycle-viewmodel	2.8.7	lifecycle-viewmodel-2.8.7.aar
androidx.loader	loader	1.0.0	loader-1.0.0.aar
androidx.profileinstaller	profileinstaller	1.4.0	profileinstaller-1.4.0.aar
androidx.savedstate	savedstate-ktx	1.2.1	savedstate-ktx-1.2.1.aar
androidx.savedstate	savedstate	1.2.1	savedstate-1.2.1.aar
androidx.startup	startup-runtime	1.1.1	startup-runtime-1.1.1.aar
androidx.tracing	tracing-ktx	1.2.0	tracing-ktx-1.2.0.aar
androidx.tracing	tracing	1.2.0	tracing-1.2.0.aar
androidx.vectordrawable	vectordrawable-animated	1.1.0	vectordrawable-animated-1.1.0.aar
androidx.vectordrawable	vectordrawable	1.1.0	vectordrawable-1.1.0.aar
androidx.versionedparcelable	versionedparcelable	1.1.1	versionedparcelable-1.1.1.aar
androidx.viewpager	viewpager	1.0.0	viewpager-1.0.0.aar
com.google.auto.value	auto-value-annotations	1.6.3	auto-value-annotations-1.6.3.jar
com.google.guava	listenablefuture	1.0	listenablefuture-1.0.jar
com.microsoft.onnxruntime	onnxruntime-android	1.24.1	onnxruntime-android-1.24.1.aar
org.jetbrains.kotlin	kotlin-stdlib	2.2.20	kotlin-stdlib-2.2.20.jar
org.jetbrains.kotlinx	kotlinx-coroutines-android	1.10.1	kotlinx-coroutines-android-1.10.1.jar
org.jetbrains.kotlinx	kotlinx-coroutines-core-jvm	1.10.1	kotlinx-coroutines-core-jvm-1.10.1.jar
org.jetbrains	annotations	23.0.0	annotations-23.0.0.jar
org.jspecify	jspecify	1.0.0	jspecify-1.0.0.jar